t_s,t_rel_s,raw_magnetometer_mag_x,raw_magnetometer_mag_y,raw_magnetometer_mag_z,raw_magnetometer_heading,raw_magnetometer_heading_wrapped_deg,raw_accelerometer_acc_x,raw_accelerometer_acc_y,raw_accelerometer_acc_z,raw_accelerometer_roll_deg,raw_accelerometer_pitch_deg,raw_gyroscope_gyro_x,raw_gyroscope_gyro_y,raw_gyroscope_gyro_z,raw_gyroscope_rate_mag,gnss_heading_mag_x,gnss_heading_mag_y,gnss_heading_mag_z,gnss_heading_heading,gnss_heading_heading_wrapped_deg
1218.135,0.0,-342.7407407407641,1230.6250000000157,19342.430555555587,344.4465645582029,-15.553435441797092,0.005464703516166411,-0.046924222088266576,-0.9988627108161291,-177.31035135235584,-0.3131067606772483,-0.0733132894599521,0.008863616363940318,0.06285826277192942,0.09988982712404999,0.0,0.0,0.0,75.8355026245,75.83550262450001
1218.287,0.15200000000004366,-330.24074074074304,1231.0185185185264,19300.55555555554,344.9831120845,-15.016887915499979,-0.0035224997102297675,-0.033237584694097155,-0.9993876130493337,-178.09518182272268,0.20182799832098247,-0.08141322571918,-0.011154656429996346,0.08086140509006132,0.11911472877880802,0.0,0.0,0.0,75.8355026245,75.83550262450001
1218.439,0.3040000000000873,-234.49382716043925,1275.0000000000337,19193.11111111109,349.5008948113853,-10.499105188614749,-0.012964769485012935,-0.007561424558820866,-0.99975904344029,-178.70561679928375,0.7428526348268268,-0.10542398228948256,-0.05125360885338027,0.09443355889783661,0.16856380221357273,0.0,0.0,0.0,75.86552072499019,75.86552072499018
1218.5910000000001,0.45600000000013097,-157.0,1345.0,19227.0,353.342072724,-6.657927276000009,-0.019954176090737356,-0.017769230512438085,-0.9995647654118457,-178.8495943427536,1.1433765811434708,-0.007239358956719247,-0.07125053012078528,0.06767683660170751,0.11260148915605198,0.0,0.0,0.0,78.1468963623,78.14689636230003
1218.7430000000002,0.6080000000001746,-135.61111111108303,1364.9629629629892,19214.16666666665,354.3123298874704,-5.687670112529531,-0.030794268347513518,-0.000418170575152326,-0.9994559961339197,-0.439911055741128,1.7646611225086566,0.010451742505445389,-0.049401069209411536,0.02836619961408335,0.08434107228750927,0.0,0.0,0.0,78.1468963623,78.14689636230003
1218.8950000000002,0.7600000000002183,-127.18518518520156,1439.814814814828,19238.66666666668,354.9521156765179,-5.047884323482094,-0.0446284317100946,-0.006948362975553098,-0.9989379224955366,-179.57046871757407,2.557932823253054,0.0068583402231175645,0.020476480212994044,0.036282195226741656,0.057188412114993384,0.0,0.0,0.0,78.1468963623,78.14689636230003
1219.0470000000003,0.9120000000002619,-170.40740740748976,1401.3456790122978,19236.753086419787,353.05865971314455,-6.941340286855393,-0.04824603896264865,-0.0068710712302075564,-0.9987297514338648,-179.0340691117383,2.7653882275345127,0.07368773904935458,0.07790522362451224,0.05158207519557119,0.17278319644408352,0.0,0.0,0.0,78.1468963623,78.14689636230003
1219.1990000000003,1.0640000000003056,-208.64197530877453,1384.3950617283374,19236.3086419754,351.4199157499571,-8.580084250042887,-0.039032728905680415,-0.022429147689320642,-0.9988102570727271,-177.8416750206031,2.2369800882839406,0.146127312944495,0.14926086540975317,0.035947161450630254,0.29115409740784837,0.0,0.0,0.0,78.1468963623,78.14689636230003
1219.3510000000003,1.2160000000003492,-306.00000000007884,1300.9999999998515,19280.999999999927,346.71546566449524,-13.284534335504759,-0.01382999781825016,-0.0610399879514915,-0.9978847603005014,-176.5000823478338,0.7924832515590485,0.05108280821354133,0.17683874815678655,-0.006207980428991185,0.20484796021815327,0.0,0.0,0.0,78.2148320351887,78.21483203518869
1219.5030000000004,1.368000000000393,-306.296296296199,1195.8518518516648,19251.444444444416,345.6420878180763,-14.357912181923666,0.006588924684810882,-0.050752372998315344,-0.9986561084234635,-177.09068794025984,-0.3775209715552318,-0.07741252802045084,0.08712851007760122,-0.011883847881124407,0.13808205387307326,0.0,0.0,0.0,80.7794036865,80.77940368650002
1219.6550000000004,1.5200000000004366,-267.9629629629162,1167.8888888889505,19256.4444444445,347.06919383155844,-12.930806168441563,0.009985011933273938,-0.036874608826566485,-0.9990984841631118,-177.7092389219648,-0.5721153067974167,-0.094716042142208,-0.02022027789571721,-0.021166256008058836,0.10253715602312434,0.0,0.0,0.0,80.7794036865,80.77940368650002
1219.8070000000005,1.6720000000004802,-149.91358024651436,1227.6913580248536,19226.845679012175,353.01348501566775,-6.986514984332189,-0.010941766912466965,-0.02060762291515707,-0.999650302492428,-178.5197579441726,0.626931348698828,-0.07720230910687949,-0.017697670389130213,-0.01524075544958974,0.08157934075296203,0.0,0.0,0.0,80.7794036865,80.77940368650002
1219.9590000000005,1.8240000000005239,-127.0,1237.0,19217.0,354.138110045,-5.861889954999924,-0.012815954428132006,-0.0036865753210468463,-0.9998896280187348,-121.59633367186512,0.7343205945443508,-0.07914025009948798,0.047174080026614926,-0.024004189608058613,0.10246510756442764,0.0,0.0,0.0,80.7794036865,80.77940368650002
1220.1110000000006,1.9760000000005675,-20.666666666563593,1237.9999999997817,19246.666666666275,359.06375605236667,-0.9362439476333293,0.0003294257524718882,0.006954531767422225,-0.9999300638833334,179.2538850864967,-0.018874746918183864,-0.06367613809790482,0.10589040940038388,-0.0360062842568027,0.12563490632430385,0.0,0.0,0.0,80.7794036865,80.77940368650002
1220.2630000000006,2.128000000000611,-10.666666666707593,1203.3333333333333,19218.000000000022,359.4954790676934,-0.5045209323066047,0.00202181659796644,0.010840954569537134,-0.999907284975166,178.88455374916794,-0.11584197136801488,-0.030862529606850323,0.08034900079161503,-0.046825909366255386,0.10299843967413322,0.0,0.0,0.0,80.7794036865,80.77940368650002
1220.4150000000006,2.280000000000655,1.0000000001091394,1178.99999999985,19192.333333333703,360.0559119827673,0.05591198276738396,-0.0023468476914855524,0.01602706049251587,-0.9998267292973336,179.08165467950397,0.13446815411908064,0.008868542732582406,0.07077097147704033,-0.03866684840360052,0.08789563364454284,0.0,0.0,0.0,80.80127711140386,80.80127711140386
1220.5670000000007,2.4320000000006985,23.481481481526707,1150.5185185184732,19153.018518517863,361.1701988775733,1.1701988775732843,-0.0020680518182015018,0.013704360014401817,-0.9998242700539619,179.2147297676422,0.11849596952603825,-0.08009279806517264,0.08553217020323103,-0.011430566496491908,0.12495795327273758,0.0,0.0,0.0,81.6269989014,81.62699890139999
1220.7190000000007,2.584000000000742,99.22222222262924,1122.1604938268574,19182.4938271608,365.07184232500214,5.0718423250020805,-0.0022678310350106633,0.029185167835750155,-0.9995480702248578,178.3275314982587,0.12993755268892837,-0.018295476518975597,0.14539155345657515,0.0089933599495053,0.15027799196680713,0.0,0.0,0.0,81.6269989014,81.62699890139999
1220.8710000000008,2.736000000000786,120.27160493829422,1042.049382715787,19233.46913580291,366.59153401091737,6.591534010917371,0.024667563170071825,0.035787814561276304,-0.9989535021192641,177.94819347458952,-1.4136712485254859,-0.013532739721189391,0.11344508969274479,0.0007160527079084827,0.11956684018996509,0.0,0.0,0.0,81.6269989014,81.62699890139999
1221.0230000000008,2.8880000000008295,179.28395061754625,936.0740740736807,19210.703703703446,370.8464032175143,10.846403217514307,0.05637721859936286,0.03506864469355769,-0.9975199953272396,177.9870591939862,-3.231919683675721,0.03386469497545737,0.029726042391679978,-0.017612269401304465,0.06724179879009266,0.0,0.0,0.0,81.6269989014,81.62699890139999
1221.1750000000009,3.040000000000873,164.87654320943332,950.740740741202,19214.166666666788,369.9129899113067,9.912989911306681,0.05552570110206018,0.030379537320653165,-0.9979718250256481,178.25640468073388,-3.1830479250872172,0.0034751545370633238,-0.02977859694518701,-0.04230623542811355,0.060817833565558935,0.0,0.0,0.0,81.6269989014,81.62699890139999
1221.327000000001,3.1920000000009168,84.46913580249799,1063.1728395064786,19203.913580246528,364.5420832564942,4.542083256494152,0.04824884813050369,0.04735754434889122,-0.9977144190557291,177.2821596948217,-2.765531877112013,0.05344118417089086,-0.00580068427845086,-0.07230818950031737,0.09430088267552876,0.0,0.0,0.0,81.6269989014,81.62699890139999
1221.479000000001,3.3440000000009604,24.58620689611194,1131.3333333333333,19222.879310344648,361.2680014758214,1.2680014758213929,0.05206355790809371,0.017363369844667,-0.9981343612587763,178.2706547887332,-2.984380055941787,0.07112571659188334,0.08685667847148795,-0.11587821863522645,0.16248428817894023,0.0,0.0,0.0,81.62206912353406,81.62206912353406
1221.631000000001,3.496000000001004,-38.83950617339656,1075.3703703701926,19197.956790124197,357.9004134371181,-2.099586562881882,0.06031790651671543,0.003329234082727248,-0.9981028823940034,179.4929038502959,-3.458295771778548,0.02075896039991392,0.15607321970636176,-0.16687314065159836,0.23317322704354548,0.0,0.0,0.0,81.4372024536,81.43720245359998
1221.783000000001,3.6480000000010477,-54.40740740705184,1002.3209876538469,19300.48148148237,356.91607928952465,-3.083920710475354,0.0710984732909463,-0.006126575222414062,-0.9973012621018876,-114.26309940579046,-4.077087834233346,-0.049361653994178904,0.1266427978318014,-0.16443593110176785,0.2234522543682139,0.0,0.0,0.0,81.4372024536,81.43720245359998
1221.935000000001,3.8000000000010914,-10.419753086218268,970.2469135801284,19359.820987653686,359.39516703794163,-0.6048329620583672,0.06999911945074362,-0.032680438532438676,-0.9970241361932363,-177.60797075935997,-4.013995938568767,-0.021192532146660118,0.10254663615329601,-0.1381259210132641,0.1853459088661528,0.0,0.0,0.0,81.4372024536,81.43720245359998
1222.0870000000011,3.952000000001135,-53.962962963780754,933.8641975308284,19320.98765432081,356.6877627774606,-3.312237222539352,0.07275740979370596,-0.017533881992092847,-0.9967832837575535,-177.66232704048483,-4.172575797625405,0.027183729067683196,0.09055111074328817,-0.14273755997427567,0.18676637299368118,0.0,0.0,0.0,81.4372024536,81.43720245359998
1222.2390000000012,4.104000000001179,-76.99999999952631,938.4999999997394,19307.500000000433,355.34447147452755,-4.655528525472391,0.08287350336712809,0.012401408593332417,-0.9964523315429986,178.9336587203456,-4.753755711494947,0.077688437732057,0.0982634549339679,-0.13462448616805744,0.19434810914429396,0.0,0.0,0.0,81.4372024536,81.43720245359998
1222.3910000000012,4.256000000001222,-141.95138888976615,924.5208333333567,19265.256944443798,351.28781896519655,-8.712181034803507,0.1042668544171389,0.0021568393500937784,-0.9942649714646028,117.30733147437938,-5.985413649021331,0.04735062912935771,0.12176509563722412,-0.11980662551797595,0.1795553446488146,0.0,0.0,0.0,81.31284282405595,81.31284282405596
1222.5430000000013,4.408000000001266,-260.0000000008716,896.3333333328028,19224.000000000364,343.8186639942726,-16.181336005727417,0.11732011288403253,-0.029499075375518363,-0.9924185474713324,-178.24391373699558,-6.737489215505211,0.01951079474023098,0.09578026334392518,-0.13054495304831457,0.17921973168523886,0.0,0.0,0.0,77.6317977905,77.6317977905
1222.6950000000013,4.56000000000131,-249.99999999931788,870.6666666670941,19290.666666666413,343.94620986004844,-16.053790139951616,0.13305511573993828,0.004432994484682402,-0.990814407666463,59.92326159891409,-7.646637347554044,-0.13320551440241257,0.03370046336179834,-0.14810467263021931,0.20393135364534581,0.0,0.0,0.0,77.6317977905,77.6317977905
1222.8470000000013,4.712000000001353,-154.66666666521715,898.666666666714,19300.666666666082,350.25176417075704,-9.748235829242958,0.1461137259996184,0.016458813101089837,-0.9891065458455288,178.83165360599526,-8.401965181619229,-0.17949931075075454,0.05551707837788476,-0.09826345865881213,0.21273013542415334,0.0,0.0,0.0,77.6317977905,77.6317977905
1222.9990000000014,4.864000000001397,-31.006944444005356,903.5972222221287,19237.222222222972,358.0430215577708,-1.9569784422292287,0.1336274457474019,0.027554669171947283,-0.990035069899289,178.3791086761507,-7.679332017907886,-0.09708837595609487,0.10913481423661238,-0.039088103666552104,0.1510232937482358,0.0,0.0,0.0,77.6317977905,77.6317977905
1223.1510000000014,5.016000000001441,4.9722222224248585,867.333333332228,19237.124999999418,360.3352440849146,0.33524408491462054,0.14270153972875313,0.03269883942390267,-0.9890360343787347,177.8481221985351,-8.20421047753179,0.028068939845503228,0.11710910819881457,0.03222237328722906,0.13666594593107972,0.0,0.0,0.0,77.6317977905,77.6317977905
1223.3030000000015,5.168000000001484,16.687499999843087,760.354166666175,19213.895833332946,361.2420162944075,1.242016294407449,0.14195339754256175,0.01580061695617033,-0.9897320258117797,178.81787740549052,-8.160945178025088,0.019532965791707595,0.1348461991492233,0.08611355442566901,0.16630278910379834,0.0,0.0,0.0,77.6317977905,77.6317977905
1223.4550000000015,5.320000000001528,3.293333333194969,673.9999999985175,19261.386666665945,360.2672108453938,0.26721084539371986,0.1348393885296097,0.02591123346264303,-0.9903544445831737,177.75190408100207,-7.749451218232519,0.011614243933555583,0.18457921842749167,0.0624983963861427,0.1981981318889768,0.0,0.0,0.0,77.4729771799319,77.47297717993189
1223.6070000000016,5.472000000001572,-7.0,580.0,19117.0,359.3085327840001,-0.6914672159998645,0.13212386826706934,0.03267480187123828,-0.9904564575354852,178.11163686808507,-7.592497687795963,0.02284536700852962,0.21530694137053255,-0.0001631813750160154,0.2239600470598188,0.0,0.0,0.0,74.5745010376,74.57450103759999
1223.7590000000016,5.624000000001615,-30.333333333333332,363.8194444402904,19218.944444445955,355.0868736695826,-4.913126330417413,0.17234070454258757,0.0563302239819396,-0.9830933213232663,176.71311669249903,-9.925595098688046,-0.06775566851351433,0.24175648639602668,-0.018150951768061318,0.2562397338049968,0.0,0.0,0.0,74.5745010376,74.57450103759999
1223.9110000000016,5.776000000001659,-27.833333333759658,117.91666666508927,19214.29166666579,335.57738662339654,-24.422613376603522,0.22400161686102682,0.0618885238654893,-0.9726655532916608,176.35493729137463,-12.945821484076,-0.019932050277901396,0.25051417729504005,0.012704187970527062,0.25376241777248576,0.0,0.0,0.0,74.5745010376,74.57450103759999
1224.0630000000017,5.928000000001703,7.146666666801673,-118.16333333383459,19214.983333333326,199.74581355935348,-160.25418644064655,0.2954978226625544,0.07784619505205102,-0.9521846026184558,175.31086849222697,-17.19936939405614,-0.025789723284408723,0.22062451725209262,-0.016605460612949322,0.24303485562076985,0.0,0.0,0.0,74.5745010376,74.57450103759999
1224.2150000000017,6.080000000001746,19.053333333469052,-162.3700000005039,19214.349999999995,181.5253289746324,-178.47467102536757,0.3064726870262284,0.07720127130546765,-0.948880190650869,175.33724093150698,-17.85871651463885,-0.015005575132739413,0.2196809035043526,-0.04100459792357878,0.2477230113573368,0.0,0.0,0.0,74.5745010376,74.57450103759999
1224.3670000000018,6.23200000000179,40.79999999965803,-317.76666666854754,19172.853333332627,172.4939149063673,172.4939149063673,0.3406544985377883,0.05984235840520185,-0.9386127165953765,176.36494834067125,-19.916858084930873,0.0016956652510861342,0.23033380051456862,-0.16462144821877103,0.2908759010637459,0.0,0.0,0.0,74.5745010376,74.57450103759999
1224.5190000000018,6.3840000000018335,27.533333333566162,-445.1800000007334,19102.333333332168,176.53580777202905,176.53580777202905,0.35010945161199575,0.03941145037564013,-0.9356169807912379,176.7869570775839,-20.49408772229722,-0.011912226466489853,0.2580604127053984,-0.1070539580272469,0.2925004934832192,0.0,0.0,0.0,74.3990462662046,74.3990462662046
1224.6710000000019,6.536000000001877,47.27777777871727,-611.2500000034224,19099.944444443772,175.74148904105903,175.74148904105903,0.37746057079962025,0.04122228992908808,-0.92488865719882,177.39975817033138,-22.17934354635155,-0.1036437066101625,0.2939330794747158,0.023885942816237245,0.32205655530157684,0.0,0.0,0.0,71.8724975586,71.8724975586
1224.823000000002,6.688000000001921,120.36805555588616,-832.6666666692057,19021.041666667064,171.76350582037063,171.7635058203706,0.4001909161196511,0.01234205301878597,-0.9160347100760895,106.47758785037452,-23.590418751311745,0.10166306385750262,0.2709044326706102,0.12504645654384705,0.3294790430389295,0.0,0.0,0.0,71.8724975586,71.8724975586
1224.975000000002,6.8400000000019645,-15.875000002268209,-1073.375000002322,19030.62499999993,180.6749370691354,-179.3250629308646,0.4138281109430539,-0.007850341615369481,-0.910328517357574,-178.86486974357186,-24.445673126962195,0.11569014595106858,0.16779283558187405,0.12398223299438467,0.2432121722609348,0.0,0.0,0.0,71.8724975586,71.8724975586
1225.127000000002,6.992000000002008,-50.513888892583445,-1103.1180555577748,19031.944444444976,182.52248779115365,-177.47751220884635,0.44462006477092214,-0.011124699686998162,-0.8952425027055265,-178.03257348750373,-26.404626846366515,0.08513062302459737,0.0735497849781967,0.054741081729392155,0.12546321461595755,0.0,0.0,0.0,71.8724975586,71.8724975586
1225.279000000002,7.144000000002052,-319.64000000016443,-1280.5600000006577,19028.23999999852,194.01517916020006,-165.9848208397999,0.47624865591541116,-0.019689728257616123,-0.8789330216247103,-178.71183786527686,-28.441695131085606,0.019929390102331936,0.08932396506346138,0.01626136040397093,0.10647707319562424,0.0,0.0,0.0,71.8724975586,71.8724975586
1225.431000000002,7.2960000000020955,-305.1599999990134,-1336.4000000016445,18986.826666665682,192.87650901793322,-167.12349098206676,0.5085009362304118,-0.016316497549272706,-0.8608326923842622,-178.351375608965,-30.56593924726596,-0.06378256097480016,0.16069800173350038,-0.034296430088900084,0.18354811646429192,0.0,0.0,0.0,71.85743211316009,71.85743211316009
1225.5830000000021,7.448000000002139,-260.5208333335554,-1456.500000001066,18937.847222224147,190.14019942495955,-169.85980057504048,0.5144019681546141,-0.0067874331564814015,-0.8574780412018529,-59.11197149537818,-30.958144487375705,-0.006592283242569117,0.22265216739281526,-0.034439508505235986,0.229494289362122,0.0,0.0,0.0,71.6779022217,71.67790222169998
1225.7350000000022,7.600000000002183,-291.875000000675,-1566.00000000312,19038.20833333269,190.55240005862873,-169.44759994137127,0.5188635413849515,-0.03529072568458822,-0.8540334080656344,-177.20916319059606,-31.256894477466453,0.04243597667361342,0.2415791160113501,-0.00319267557132333,0.26181656752499466,0.0,0.0,0.0,71.6779022217,71.67790222169998
1225.8870000000022,7.752000000002226,-297.8124999993309,-1750.104166668228,18939.951388887446,189.68268162569288,-170.3173183743071,0.5421520289446479,-0.024095592477136198,-0.8399192413520657,-178.3607743311111,-32.83297997811498,-0.025681822120388397,0.22887492459219785,0.0307664540313747,0.24048248695986113,0.0,0.0,0.0,71.6779022217,71.67790222169998
1226.0390000000023,7.90400000000227,-279.46666666651447,-1866.6000000038807,18854.933333331504,188.5219406872469,-171.4780593127531,0.5381311428549882,-0.012186975296599333,-0.842562664349513,-99.35907076387817,-32.559314390920754,-0.12352107462885309,0.1892759938030844,0.09396398767932468,0.2472728540428901,0.0,0.0,0.0,71.6779022217,71.67790222169998
1226.1910000000023,8.056000000002314,-260.0,-2070.0,18760.0,187.15908042300006,-172.8409195769999,0.5580682353182935,0.013040141536502436,-0.8295976936817216,178.90331792292923,-33.92254189548381,-0.07384303885036256,0.1322831900909198,0.16164162039828603,0.23022739231996714,0.0,0.0,0.0,71.6779022217,71.67790222169998
1226.3430000000023,8.208000000002357,-275.84000000109575,-2112.240000002922,18731.399999998022,187.4210481032782,-172.57895189672183,0.5629328703879365,0.018621073104542925,-0.8262593924999342,178.70685286902778,-34.25939807571888,-0.007555998365587223,0.10555694853209732,0.18534545242767034,0.2156683141422968,0.0,0.0,0.0,71.6779022217,71.67790222169998
1226.4950000000024,8.360000000002401,-334.76666666674515,-2283.0266666672633,18610.633333332786,188.34205163614652,-171.6579483638535,0.5723108176397258,0.01836756134994907,-0.8195975009596815,178.65481515798558,-34.916278712721045,-0.042788947580907295,0.055673165097138766,0.12776377926164462,0.15746990716377207,0.0,0.0,0.0,71.8855414297658,71.8855414297658
1226.6470000000024,8.512000000002445,-352.38194444485566,-2324.2013888894644,18718.993055556624,188.62061030592457,-171.37938969407543,0.6043143951236524,-0.0030649973294363717,-0.7966028489169025,-136.31237748201823,-37.18130762330689,-0.016783717718718966,0.04699588670528783,0.05948575346682866,0.09917934602504348,0.0,0.0,0.0,74.32530212400002,74.32530212400002
1226.7990000000025,8.664000000002488,-359.7614379084575,-2341.044117647165,18655.522875816914,188.73723913598891,-171.26276086401106,0.6126375335691691,-0.01730010017353536,-0.7901479218129139,-178.14678024636697,-37.78111424690263,0.0011598664695511994,0.08908538552036713,-0.0031405079654885128,0.11334262740042947,0.0,0.0,0.0,74.32530212400002,74.32530212400002
1226.9510000000025,8.816000000002532,-348.73333333283125,-2377.200000001841,18632.366666665577,188.35075331052198,-171.649246689478,0.6234567153455767,-0.03198370333779906,-0.7813299202916799,-177.63957773589644,-38.56999298742997,-0.00794621450889424,0.16190412700281093,-0.039120917469398477,0.169602165562106,0.0,0.0,0.0,74.32530212400002,74.32530212400002
1227.1030000000026,8.968000000002576,-348.60000000050206,-2486.500000001255,18568.4399999992,187.9772721293741,-172.02272787062589,0.6284034299853486,-0.01647389978121564,-0.7776907181736533,-178.77750174119492,-38.93276567598424,-0.040468935408389084,0.2173147876070833,-0.03082705588326707,0.2270083847265304,0.0,0.0,0.0,74.32530212400002,74.32530212400002
1227.2550000000026,9.12000000000262,-330.6666666669351,-2615.5555555600295,18556.555555554445,187.19829288154804,-172.801707118452,0.6386104060545919,-0.040297215287911574,-0.7683920462926307,-176.99096911971282,-39.68859202848877,0.006030610039326005,0.23117336216862538,0.013302814604030778,0.23472240465819225,0.0,0.0,0.0,74.32530212400002,74.32530212400002
1227.4070000000027,9.272000000002663,-377.0,-2802.0625000010127,18452.37499999897,187.66353229674732,-172.33646770325265,0.6535185140871126,-0.0633778121944999,-0.7543820105491087,-175.17847740917006,-40.80958124927591,0.05992917972737107,0.20229146939939735,0.03319052249835378,0.21871009673963285,0.0,0.0,0.0,74.46130934572183,74.46130934572182
1227.5590000000027,9.424000000002707,-430.3600000025186,-2868.760000001971,18432.800000000272,188.50708017744307,-171.49291982255693,0.6640278049310411,-0.0726981962970453,-0.7444771226249589,-174.4184174731809,-41.607840098929614,0.11697253540020923,0.128849291402049,0.023157540046737916,0.1820465853307775,0.0,0.0,0.0,75.9260025024,75.9260025024
1227.7110000000027,9.57600000000275,-522.7333333336983,-2945.2666666663017,18407.89333333193,190.06421187546155,-169.93578812453848,0.690325176319277,-0.06163575306495452,-0.720534867842079,-175.11113602580014,-43.670107336518626,-0.024363661109193413,-0.0025896147539706312,-0.028585087834668396,0.06352294749331247,0.0,0.0,0.0,75.9260025024,75.9260025024
1227.8630000000028,9.728000000002794,-511.799999998905,-2880.1999999983573,18363.066666666575,190.0691860609178,-169.9308139390822,0.6951223584011066,-0.05787425152969877,-0.7161347548169368,-175.3934852095071,-44.04530464899792,-0.15043887009629103,-0.13969019527451368,-0.06290280304901108,0.2160257091789164,0.0,0.0,0.0,75.9260025024,75.9260025024
1228.0150000000028,9.880000000002838,-318.1666666595975,-2746.1666666619344,18409.500000001695,186.55885848364034,-173.44114151635966,0.6722377902928812,-0.0399053225335151,-0.7389803230763515,-176.82348256994575,-42.24116599620014,-0.3592942472990748,-0.19877361506225705,-0.06403088197029728,0.4149240772923845,0.0,0.0,0.0,75.9260025024,75.9260025024
1228.1670000000029,10.032000000002881,-35.20833332958088,-2548.3541666650226,18469.958333334456,180.75609767741565,-179.24390232258435,0.640521595874144,0.01884890816356278,-0.7669733501981595,140.80128729512148,-39.85345337366509,-0.2845028562719297,-0.16586392652146953,0.015608636199003417,0.33979473392890225,0.0,0.0,0.0,75.9260025024,75.9260025024
1228.319000000003,10.184000000002925,91.09722222292685,-2442.0555555535425,18529.59722222317,177.86116118512055,177.86116118512052,0.5723909164458627,0.0204060646547782,-0.8193797717499511,178.5572506531561,-34.92388608094083,-0.08815331788059412,-0.10651120088028318,0.13919178613934652,0.2006644359267112,0.0,0.0,0.0,75.9260025024,75.9260025024
1228.471000000003,10.336000000002969,102.65972222149918,-2382.659722221499,18577.812500001302,177.53584865525977,177.53584865525977,0.5503057154512478,0.03332538792844879,-0.8344109662707268,177.71150815306032,-33.388123490486315,-0.01247508487281714,-0.04970079423614585,0.1668099105976124,0.18530994638158615,0.0,0.0,0.0,76.16507107604345,76.16507107604343
1228.623000000003,10.488000000003012,23.333333331732625,-2347.3333333329333,18572.466666665507,179.4339050973722,179.4339050973722,0.5464865386484031,0.03496087044494711,-0.8364048480987607,177.58392406031834,-33.126494705010046,0.01259333098425022,-0.029053346750865548,0.11734856093806421,0.12895116843595927,0.0,0.0,0.0,78.3645019531,78.36450195309999
1228.775000000003,10.640000000003056,10.500000000300133,-2304.0333333319927,18574.0000000006,179.73618688779248,179.73618688779248,0.5538865943754102,0.035014815442349745,-0.8317283908520704,177.13933015713124,-33.63637206612155,-0.14072604502482988,-0.08010068213101243,0.045548836667921075,0.18007391163532366,0.0,0.0,0.0,78.3645019531,78.36450195309999
1228.927000000003,10.7920000000031,89.02777778164234,-2187.9861111070945,18641.7222222237,177.6285071980464,177.6285071980464,0.5550057093299318,0.056618189388230114,-0.8298107915454349,176.0982848162379,-33.71174240951981,-0.1834901630235594,-0.15280499547427598,-0.03287273351285923,0.24080160291119143,0.0,0.0,0.0,78.3645019531,78.36450195309999
1229.0790000000031,10.944000000003143,209.40972222276005,-2045.0416666649885,18703.993055557385,174.14524943273048,174.14524943273045,0.550237973117091,0.07943016678724335,-0.8316887608833219,174.53671038415501,-33.38344976677522,-0.025940488160340888,-0.12325057557901216,-0.09320099858894271,0.1735444850778472,0.0,0.0,0.0,78.3645019531,78.36450195309999
1229.2310000000032,11.096000000003187,210.0,-1916.833333328868,18771.33333333581,173.73633833115147,173.7363383311515,0.539478982486226,0.06908019787253136,-0.8371747881185407,175.31182566763397,-32.674978094561794,0.05596050788953013,-0.08034899892988027,-0.16442278959074766,0.2136097728468078,0.0,0.0,0.0,78.3645019531,78.36450195309999
1229.3830000000032,11.24800000000323,249.5138888899876,-1733.2638888860322,18806.54861110942,171.77123001875032,171.77123001875032,0.4752898050680314,0.06454420304454547,-0.8752920950455385,175.77683273256687,-28.37834948014867,0.0580298332256912,-0.14966405421150275,-0.22857931121779052,0.28392082842117766,0.0,0.0,0.0,78.3645019531,78.36450195309999
1229.5350000000033,11.400000000003274,243.0864197519628,-1515.555555549672,18916.33333333609,170.89581015126646,170.89581015126646,0.46450328826811593,0.051027955187726494,-0.8838323546048498,176.68313251420778,-27.682594302766127,0.16647240625717044,-0.13292960698361406,-0.21603771538228952,0.3127002120106325,0.0,0.0,0.0,78.3295353058615,78.3295353058615
1229.6870000000033,11.552000000003318,141.61333333048503,-1308.8666666634401,18959.880000001936,173.9656654151733,173.9656654151733,0.41701908786988434,0.0009914389490819023,-0.908304093679048,33.651643549459564,-24.648610744981767,0.12492584576809865,-0.11137471313215287,-0.14591236750074194,0.26346610905206047,0.0,0.0,0.0,78.0634002686,78.06340026859999
1229.8390000000034,11.704000000003361,153.5833333347189,-1141.861111107139,18972.902777778654,172.31314638053044,172.31314638053044,0.3898025831829937,0.003205153795146864,-0.9205797823764207,27.29404163876977,-22.94224377330448,0.012541598318067185,-0.07815403899999367,-0.034025643858797264,0.1342242007760747,0.0,0.0,0.0,78.0634002686,78.06340026859999
1229.9910000000034,11.856000000003405,147.0,-1075.0,19035.0,172.21342922500006,172.21342922500003,0.39345092823089,0.035339350190859244,-0.918429469068539,177.3234957809058,-23.16982172575983,0.01871262622348596,-0.09746529286138479,0.053654685772430974,0.13756182128563096,0.0,0.0,0.0,78.0634002686,78.06340026859999
1230.1430000000034,12.008000000003449,147.0,-1015.694444441147,19063.38194444602,171.7270004587369,171.72700045873694,0.39767713886202566,0.04955310079634393,-0.9158173435260302,176.7468784736351,-23.43342418393817,-0.0490208726058989,-0.08437679707957377,0.04837051096014042,0.11418327282732235,0.0,0.0,0.0,78.0634002686,78.06340026859999
1230.2950000000035,12.160000000003492,134.81333333444803,-891.7999999972133,19146.86666666655,171.37878528793507,171.3787852879351,0.39758421798424165,0.0662767564263119,-0.9143985315166661,175.8383629601395,-23.4305052359174,-0.04547788917992886,-0.09585830971780951,0.03523294861104638,0.14015549355267384,0.0,0.0,0.0,78.0634002686,78.06340026859999
1230.4470000000035,12.312000000003536,176.65333333233477,-757.399999996865,19128.146666668363,166.90924849963326,166.90924849963324,0.3418044173711285,0.07623447030809946,-0.9368570212523406,175.25345422482812,-19.98718915905827,0.047890131441312794,-0.18798473437723717,0.055332612818504594,0.23845467533140832,0.0,0.0,0.0,78.07411902647303,78.074119026473
1230.5990000000036,12.46400000000358,61.68749999666933,-566.3333333274121,19173.333333333332,174.3199469683466,174.31994696834658,0.3179767653332939,0.012870670003637188,-0.9464038635300049,177.07784296071736,-18.543185753746872,0.1320082645637666,-0.20658532550889291,0.06948503750949683,0.289804768981261,0.0,0.0,0.0,78.1557006836,78.1557006836
1230.7510000000036,12.616000000003623,-18.000000002122157,-382.4999999965136,19165.83333333308,183.92128248612195,-176.07871751387802,0.24841201181116024,0.0032350139991593097,-0.9682058294615148,29.66019586714525,-14.384872612348602,0.09320838625169829,-0.26463731999240064,0.04061792713199341,0.28714558147170316,0.0,0.0,0.0,78.1557006836,78.1557006836
1230.9030000000037,12.768000000003667,-107.27777777878306,-162.92361110208867,19261.812500001433,220.8089161058885,-139.1910838941115,0.2102415331940598,-0.0006636905721628945,-0.9774067008661377,32.40739381641004,-12.137274006788656,0.029450953031686114,-0.2546823898118974,0.0008351211618526887,0.26036966299993214,0.0,0.0,0.0,78.1557006836,78.1557006836
1231.0550000000037,12.92000000000371,-146.68000000230066,137.21333333798412,19263.080000002672,307.742666236029,-52.25733376397102,0.16695196191307268,0.017072222257826564,-0.9854753049216848,179.00873462445546,-9.613340633470642,0.01410453101768168,-0.22453732579828128,-0.04430014566949371,0.23656525680633675,0.0,0.0,0.0,78.1557006836,78.1557006836
1231.2070000000037,13.072000000003754,-158.3199999983178,376.7200000067288,19328.82000000203,335.6130222340561,-24.386977765943925,0.1500344220800456,0.018750522124310706,-0.988437715371401,178.9133958892521,-8.62910650248881,-0.04071725473830394,-0.1065218457408451,-0.07140241225564765,0.15603744184817653,0.0,0.0,0.0,78.1557006836,78.1557006836
1231.3590000000038,13.224000000003798,-129.03333333320964,500.97999999933205,19352.413333331056,345.55405831159493,-14.445941688405128,0.13949144254076928,0.004439042795626823,-0.990103763341913,178.87933190219516,-8.018444036959416,-0.06156187720713806,0.010244941091104517,-0.06987702265359572,0.11648477320326024,0.0,0.0,0.0,78.1557006836,78.1557006836
1231.5110000000038,13.376000000003842,-109.70833333293464,544.4583333353268,19372.430555554623,348.5870806950882,-11.412919304911838,0.15093671530534408,0.02960957920564095,-0.9876975897285716,178.23078369593648,-8.681388295453182,0.02953224776945885,-0.000694702619183114,-0.04352976578321505,0.06076243606726783,0.0,0.0,0.0,78.11911280014503,78.11911280014505
1231.6630000000039,13.528000000003885,-158.04166666875014,594.5138888902245,19300.659722223158,345.27204347358406,-14.727956526415937,0.13996132276930828,0.015405322459347368,-0.9899077183671051,146.46525157685176,-8.045797414899397,0.06810302178579752,-0.02885971743013351,-0.042391636564770435,0.09321694720989945,0.0,0.0,0.0,77.8447036743,77.84470367430004
1231.815000000004,13.680000000003929,-207.80000000078763,669.9200000037281,19261.8866666679,342.72167989577866,-17.278320104221393,0.13478246986873255,-0.007643045374845535,-0.9908070079487327,-179.2241523353271,-7.746124066288756,-0.015693773051472727,-0.10084597756586765,-0.0725375887507637,0.13923235849553334,0.0,0.0,0.0,77.8447036743,77.84470367430004
1231.967000000004,13.832000000003973,-242.1000000022316,849.7800000053296,19359.033333333202,343.42569781640276,-16.574302183597183,0.10375130769902284,-0.025956267963762603,-0.99339447975158,-177.73156608219713,-5.9574742880953435,0.09955471450099994,-0.10679144819464927,-0.07480793555566957,0.19660591055047794,0.0,0.0,0.0,77.8447036743,77.84470367430004
1232.119000000004,13.984000000004016,-274.2000000011814,962.1800000044107,19352.579999999554,343.5983708952719,-16.401629104728045,0.06912996311848232,-0.04258767676927984,-0.9959111893178366,-177.29585011786403,-3.965212625635287,0.07027433367703244,-0.08927430316723102,-0.07184938912572776,0.14679169962044564,0.0,0.0,0.0,77.8447036743,77.84470367430004
1232.271000000004,14.13600000000406,-299.0416666682717,1088.0000000020275,19380.013888890775,344.66482632333685,-15.33517367666309,0.048710102111667215,-0.05779969718085834,-0.9967663875884831,-176.6804410507732,-2.7920031348101273,-0.0657011240835319,-0.05992178903364321,-0.049471689852890466,0.134605230619534,0.0,0.0,0.0,77.8447036743,77.84470367430004
1232.423000000004,14.288000000004104,-212.31249999672085,1154.500000001121,19301.99999999686,349.5753951205441,-10.424604879455956,0.06656598385216501,-0.032124682406378356,-0.9970378366607583,-177.75140496983835,-3.816934021597013,-0.10034756869291182,-0.011795161988895679,-0.010110139146882469,0.12375085447092793,0.0,0.0,0.0,77.8447036743,77.84470367430004
1232.5750000000041,14.440000000004147,-170.28666666422293,1180.3133333353605,19256.353333332696,351.7673391281149,-8.232660871885173,0.07366225908111262,-0.025021248112383192,-0.9965015713374075,-178.43349072314723,-4.224682008082727,-0.059284435810868535,0.03333862746803017,0.039872968942823266,0.09414742709667642,0.0,0.0,0.0,77.65113206337745,77.65113206337742
1232.7270000000042,14.592000000004191,-82.86666666444508,1221.4666666661112,19245.546666664944,356.13736178443565,-3.8626382155644023,0.04031441445128961,0.03083718491290818,-0.9974435460568104,91.510293866181,-2.310511863790247,-0.04608804244866888,0.0434629557043468,0.047634719014178886,0.17086249436804118,0.0,0.0,0.0,76.3542022705,76.35420227049997
1232.8790000000042,14.744000000004235,-108.9466666702212,1188.9199999976952,19288.720000000612,354.74111106335073,-5.258888936649328,0.04049286217662338,-0.010226844081187765,-0.9984385327496171,-32.84906068283661,-2.3208751961356175,0.13906585315611997,0.10694753408534567,0.07323997867698037,0.19670311419368386,0.0,0.0,0.0,76.3542022705,76.35420227049997
1233.0310000000043,14.896000000004278,-167.15277777792647,1093.8472222199323,19252.666666668094,351.2972595192104,-8.702740480789544,0.010580434955263864,-0.03489706559133103,-0.9992046107846968,-177.99104171481957,-0.6062276980604705,-0.08606921178314327,0.0748652868573054,0.06610020865662994,0.1534015539146505,0.0,0.0,0.0,76.3542022705,76.35420227049997
1233.1830000000043,15.048000000004322,-57.16666666169287,1009.9791666662818,19303.437500001924,356.84153776466485,-3.1584622353351506,0.026223188228413116,0.013798754799446481,-0.9992941555875859,96.47159090014037,-1.502728145481546,-0.07323199506197209,0.02208267217193551,0.027669854422581325,0.09555208708050163,0.0,0.0,0.0,76.3542022705,76.35420227049997
1233.3350000000044,15.200000000004366,-22.00000000135003,1030.3333333328833,19314.777777775736,358.7683527015911,-1.231647298408916,0.046762501407048615,0.040603217152036714,-0.9980997873674206,177.67027419468752,-2.680271973782151,0.008277307314281605,-0.017382344795603445,-0.0011824723861410904,0.05713500076088023,0.0,0.0,0.0,76.3542022705,76.35420227049997
1233.4870000000044,15.35200000000441,-11.534722221139962,1090.500000005195,19317.020833331942,359.36494989045946,-0.6350501095405434,0.05886807023711867,0.05504824989514565,-0.9965586314599869,176.83816986267814,-3.3749075809745146,-0.13509747622045237,-0.1033924318256148,-0.034432118384341286,0.16794549816015558,0.0,0.0,0.0,76.40247479607264,76.40247479607262
1233.6390000000044,15.504000000004453,-12.0,1190.0,19232.0,359.42224701600003,-0.5777529839999715,0.06613231877435688,0.10472127239045818,-0.9915614195667978,173.97141171553432,-3.792025792893486,-0.13297848405073476,-0.16469948897739647,-0.060767256766995695,0.24994019702363665,0.0,0.0,0.0,76.7059020996,76.7059020996
1233.7910000000045,15.656000000004497,50.046666673452165,1295.2333333448419,19230.633333333182,361.70486344134,1.7048634413399668,0.00959606236580337,0.06284464935415068,-0.9975093408424901,176.39512465176617,-0.5500224313119864,-0.0709412494346045,-0.1543197510644366,-0.08192405382922344,0.20959732020455682,0.0,0.0,0.0,76.7059020996,76.7059020996
1233.9430000000045,15.80800000000454,218.05555555571084,1692.3333333392957,19153.66666666294,367.36004703386243,7.360047033862429,-0.035771132034286134,0.08939415795860706,-0.9951012399462907,174.8056385206922,2.0502846783094917,0.0077451976705145455,-0.1336193825611106,-0.12149903633567435,0.21239473681587123,0.0,0.0,0.0,76.7059020996,76.7059020996
1234.0950000000046,15.960000000004584,127.70138888628416,1826.0486111140924,19138.548611110327,364.00202015476697,4.002020154767024,-0.07174729323151048,0.030876197463074413,-0.996795652641285,177.4997447025296,4.1147303198062,0.02851236699384583,-0.03933198854694797,-0.1141233713255972,0.14263473047133915,0.0,0.0,0.0,76.7059020996,76.7059020996
1234.2470000000046,16.112000000004628,80.74999999708677,1887.000000001295,19110.125000001455,362.4627329540259,2.4627329540259097,-0.10309819908157794,0.010136443965201122,-0.9944119950134259,58.49622359410746,5.917687242869003,-0.03467600342854703,0.01791445723804524,-0.07675724197059015,0.10650409135512479,0.0,0.0,0.0,76.7059020996,76.7059020996
1234.3990000000047,16.26400000000467,76.65277777810016,1912.3611111120138,19092.187500001062,362.2975272896885,2.29752728968856,-0.08379364846665359,0.011095995588403955,-0.9964291279513967,178.9074732877263,4.806678905843471,0.05256828979344988,0.02416677992792699,-0.04936083302690803,0.11060947380544157,0.0,0.0,0.0,76.7059020996,76.7059020996
1234.5510000000047,16.416000000004715,25.333333331772035,1966.1000000017798,19142.26666666579,360.7481126393888,0.7481126393888644,-0.08400338987498264,0.00642702163449042,-0.9963528633121156,11.467459968471324,4.81874793097434,0.09315517892224288,-0.049841211428744175,-0.07538261724180824,0.13777790413574326,0.0,0.0,0.0,76.42672214254316,76.42672214254316
1234.7030000000047,16.56800000000476,-93.14666667153149,2103.033333340757,19146.19333333027,357.49729754646813,-2.5027024535318105,-0.0886833743254358,-0.0013508325505944335,-0.9958919668196448,-59.71201986799727,5.087890336438871,0.0384327181497181,-0.16009494026829196,-0.1324605604023914,0.2206911484350481,0.0,0.0,0.0,74.9144973755,74.91449737549999
1234.8550000000048,16.720000000004802,-173.87500000140884,2306.3750000044233,19061.250000001375,355.700194230848,-4.299805769152044,-0.10509257546458685,-0.015703897982761887,-0.9940255979694761,-178.8242853974131,6.033307312320998,0.08389641755711383,-0.2176340545217355,-0.13586608072010706,0.2745917322838646,0.0,0.0,0.0,74.9144973755,74.91449737549999
1235.0070000000048,16.872000000004846,-235.27777777913045,2575.0000000097393,18980.124999996955,354.77845918296003,-5.221540817040022,-0.1579497427602344,-0.02883111079939002,-0.9863264618644226,-130.23410783654367,9.090952882046858,-0.10413886770299438,-0.16428236994311157,-0.07839792089585883,0.22854010384005644,0.0,0.0,0.0,74.9144973755,74.91449737549999
1235.1590000000049,17.02400000000489,-219.16666666403924,2677.91666667465,18977.694444442186,355.30118879012133,-4.698811209878613,-0.24636682909552132,0.014234596138491668,-0.968969101706638,179.01253443738125,14.263955213908888,-0.09974154736381974,-0.1418375668829685,0.012386398651678227,0.17966939004025814,0.0,0.0,0.0,74.9144973755,74.91449737549999
1235.311000000005,17.176000000004933,-130.4374999984812,2890.6250000006075,18860.104166662448,357.41507202569727,-2.5849279743026727,-0.24962994921907633,0.02459594132138146,-0.967750323315528,177.3803745518273,14.455931861630807,-0.04070661418548239,-0.09558072391102643,0.09076953982238312,0.1631602235048038,0.0,0.0,0.0,74.9144973755,74.91449737549999
1235.463000000005,17.328000000004977,-103.73333333187632,2968.5600000023314,18878.333333333332,357.99871784010975,-2.001282159890252,-0.24762093077122704,0.041503544275743334,-0.9679879450798367,177.54723554009317,14.336821421892058,0.0984904928268022,-0.06646441077172259,0.13936383212644138,0.18607495138984492,0.0,0.0,0.0,74.9144973755,74.91449737549999
1235.615000000005,17.48000000000502,-80.66666666797634,2990.666666667976,18766.999999998035,358.45749060137564,-1.542509398624361,-0.2678222363207265,0.041599715501084766,-0.9625066061811038,177.53206128169793,15.53622301636629,0.0679685149339476,-0.06207980079007601,0.1145461020349875,0.1519026803310184,0.0,0.0,0.0,74.70700449754136,74.70700449754136
1235.767000000005,17.632000000005064,-85.8888888881836,3071.083333337671,18719.666666666668,358.3964164100989,-1.6035835899010635,-0.275157089034019,0.044695164491892536,-0.9602267659378888,177.33323019721888,15.972463599904842,0.004552518763843619,-0.12705666427268258,0.022112233716164685,0.14544153235149845,0.0,0.0,0.0,73.6855010986,73.68550109860001
1235.919000000005,17.784000000005108,-98.77083333456297,3191.0625000041105,18672.708333328766,358.23231484956364,-1.767685150436364,-0.26424733114788224,0.04159215298194725,-0.9629112134380282,176.87734540185917,15.322325119169008,-0.03336789270809838,-0.17856811111288878,-0.06917463823478397,0.20849914546858334,0.0,0.0,0.0,73.6855010986,73.68550109860001
1236.0710000000051,17.93600000000515,-134.3333333350197,3400.569444454387,18631.33333332912,357.7418201495896,-2.2581798504104427,-0.2881652332030181,0.05010269217528029,-0.9557113564671581,176.99264114118293,16.750670611702688,-0.07208647071929783,-0.15644109683537202,-0.1392065649871611,0.22268807295696566,0.0,0.0,0.0,73.6855010986,73.68550109860001
1236.2230000000052,18.088000000005195,-148.72916666546388,3568.034722224664,18522.965277780586,357.61044457908343,-2.389555420916622,-0.35307424370864005,0.016451025733104745,-0.9347369236240793,177.73067334896058,20.683862969397744,-0.11173625394262572,-0.08484978585491852,-0.1744738039044075,0.23000660313375562,0.0,0.0,0.0,73.6855010986,73.68550109860001
1236.3750000000052,18.24000000000524,-115.46666666596695,3684.6666666701653,18433.866666661244,358.20369344967946,-1.796306550320537,-0.4073274457462483,-0.00948685091460961,-0.9129150331015627,2.437341158385955,24.037161067171134,-0.09022501028651383,-0.010521639969844544,-0.13524882678960773,0.16904908888688705,0.0,0.0,0.0,73.6855010986,73.68550109860001
1236.5270000000053,18.392000000005282,-115.30000000017523,3731.700000001577,18416.900000000525,358.23042053595805,-1.7695794640419535,-0.40277787109160523,-0.02818611962007927,-0.9144895764197534,-178.2346338907793,23.752119053982906,-0.03941890111702313,0.02830129468231959,-0.07250920894075966,0.09974053131263518,0.0,0.0,0.0,73.23708564992488,73.2370856499249
1236.6790000000053,18.544000000005326,-76.47916666464754,3795.3541666689794,18354.729166662444,358.8450984425731,-1.1549015574269106,-0.38133627921249297,0.0002694417112523344,-0.9241348567110522,-7.247121015663524,22.417034075269672,-0.027425968805010734,0.017847943041587926,-0.05414245479454275,0.07122398774647666,0.0,0.0,0.0,71.2032012939,71.20320129390001
1236.8310000000054,18.69600000000537,-110.95833333608668,3810.0,18354.65277778046,358.3319872310281,-1.6680127689719484,-0.3671500061945104,0.018738282481904595,-0.9298321993815593,178.78604817153393,21.540113226571858,0.043884506787073035,-0.00013302819029765382,-0.08188621534393083,0.10491900389150802,0.0,0.0,0.0,71.2032012939,71.20320129390001
1236.9830000000054,18.848000000005413,-201.90277778378606,3868.9375000039927,18324.944444442925,357.0212343007825,-2.978765699217547,-0.3694565474165641,-0.009049015483093477,-0.9288887336019109,-116.8917043844596,21.68257005001608,0.08048941841880626,-0.051023685292568816,-0.13362677328230052,0.16557123397137347,0.0,0.0,0.0,71.2032012939,71.20320129390001
1237.1350000000054,19.000000000005457,-323.02631578989786,3987.7905701765403,18341.946271929854,355.37811177694374,-4.621888223056203,-0.38207502748139827,-0.03345299406367914,-0.9233830462680496,-177.92883792172813,22.463284790821866,0.022872671663577898,-0.10956968296842012,-0.1176260549715647,0.18847008657855246,0.0,0.0,0.0,71.2032012939,71.20320129390001
1237.2870000000055,19.1520000000055,-361.05333333669705,4100.620000010311,18279.453333326277,354.97583010657155,-5.024169893428507,-0.400660002631094,-0.03882963947958056,-0.9149390347787382,-177.57275793208024,23.6247803691681,-0.09275786751188053,-0.10666374057372241,-0.07658873927715157,0.1937886623332366,0.0,0.0,0.0,71.2032012939,71.20320129390001
1237.4390000000055,19.304000000005544,-313.0799999959051,4235.280000002121,18178.680000001754,355.7681899557574,-4.231810044242593,-0.43681542217750896,-0.02357905762769258,-0.8988614503537256,-178.18233101102146,25.901061033159273,-0.1602652163472726,-0.015693774219950184,-0.01652386948878487,0.1759002111105466,0.0,0.0,0.0,71.2032012939,71.20320129390001
1237.5910000000056,19.456000000005588,-267.7777777772655,4284.166666668203,18064.99999999539,356.42304661171187,-3.576953388288075,-0.4733882160114368,0.014450633740555082,-0.8802400043708462,51.84892802387749,28.257825418964387,0.024299807297588502,0.01318456744765762,0.07837821283142907,0.1031846778082397,0.0,0.0,0.0,70.58321136258927,70.58321136258928
1237.7430000000056,19.60800000000563,-228.1250000011882,4274.548611108933,18046.305555557617,356.94478311678785,-3.055216883212097,-0.4924984737807199,0.04304082161308837,-0.8688846499557276,177.13882008564116,29.507576170723123,0.11843200271134713,-0.0014854810148731607,0.1227923694271494,0.17356072995348745,0.0,0.0,0.0,67.8153991699,67.81539916989999
1237.8950000000057,19.760000000005675,-265.33333333143247,4254.866666667427,18070.066666663435,356.4309787745728,-3.56902122542715,-0.4631566196670439,0.04867370317423629,-0.8846594047551124,176.86166075921702,27.59308425809306,0.050139193905679426,-0.0053778847195086075,0.07651778923725248,0.09350717530855132,0.0,0.0,0.0,67.8153991699,67.81539916989999
1238.0470000000057,19.91200000000572,-233.06666666818734,4299.053333335881,18095.34666666944,356.8974550237818,-3.102544976218269,-0.45711675405521807,0.02784138890491532,-0.8882758287590459,176.75098397307892,27.201652365384955,0.03249434110998839,-0.0015395791288630777,-0.006470489246284681,0.05593042278408143,0.0,0.0,0.0,67.8153991699,67.81539916989999
1238.1990000000058,20.064000000005763,-280.0,4341.866666667428,18110.85333333417,356.3101772055606,-3.689822794439351,-0.43196172118066456,0.016734975222285085,-0.9016748376692961,178.82862452181564,25.5922932062239,0.04697489806876918,0.021717288605894926,-0.08768506095074519,0.10624681743543499,0.0,0.0,0.0,67.8153991699,67.81539916989999
1238.3510000000058,20.216000000005806,-371.3333333409124,4365.333333334394,18093.166666668752,355.1401186474025,-4.85988135259754,-0.43924639125663834,-0.0270804157472994,-0.8979735175764378,-177.8130437478457,26.056100865525455,0.03352309266281377,0.044874827068122215,-0.15200683474756216,0.17098396233753432,0.0,0.0,0.0,67.8153991699,67.81539916989999
1238.5030000000058,20.36800000000585,-505.3333333352948,4372.399999999411,18146.599999997645,353.4070304663738,-6.592969533626274,-0.4326933066059431,-0.006896165283282461,-0.9012688990431128,-2.4976396429329184,25.639779662210735,-0.048464813458301274,0.11583026757272064,-0.1696800595506672,0.22487344118300231,0.0,0.0,0.0,67.40028186862922,67.40028186862924
1238.6550000000059,20.520000000005894,-522.9333333357054,4328.733333328984,18152.60000000138,353.10918568262827,-6.890814317371678,-0.4478063501909246,-0.04852247446923133,-0.8931610393525586,-176.8941594554254,26.603655873904046,0.014806921961951488,0.20590628902436825,-0.11565998921571294,0.2638062770034975,0.0,0.0,0.0,65.62529754640002,65.62529754640002
1238.807000000006,20.672000000005937,-590.0,4255.0,18152.0,352.105681416,-7.894318584000075,-0.4575262081610897,-0.1088656799006552,-0.8817642919226083,-172.95464829347162,27.235532518294598,0.111913922540852,0.250050352115334,-0.1094661990313095,0.3035720808388874,0.0,0.0,0.0,65.62529754640002,65.62529754640002
1238.959000000006,20.82400000000598,-798.0333333430336,4072.7666666581545,18446.666666678546,348.9113665527902,-11.088633447209759,-0.3802579424760346,-0.09936014915587661,-0.9187851885962247,-173.82324743245198,22.350326690679953,0.013288624840398361,0.18286226808610181,-0.09165107105994147,0.2272052796308021,0.0,0.0,0.0,65.62529754640002,65.62529754640002
1239.111000000006,20.976000000006024,-786.3333333315599,4007.9999999996057,18415.333333336013,348.90297164302314,-11.097028356976807,-0.34826670090329387,-0.09953907380402245,-0.9323860704898795,-173.9128487613906,20.382422559110438,-0.029443562029432543,0.05267914632616931,-0.03919896017567064,0.10629568605170335,0.0,0.0,0.0,65.62529754640002,65.62529754640002
1239.263000000006,21.128000000006068,-771.9799999978405,4019.799999998778,18508.099999998572,349.1304292517266,-10.869570748273418,-0.3585355558003479,-0.06752919887558442,-0.9306861865517883,-175.857538861603,21.010558692586855,-0.030841247061616492,-0.011216933424374105,0.02290212511033906,0.0889466348228704,0.0,0.0,0.0,65.62529754640002,65.62529754640002
1239.415000000006,21.280000000006112,-753.1999999985802,4055.4266666689787,18445.35999999704,349.47915880146525,-10.520841198534754,-0.3766106758522187,-0.09067266240593827,-0.9218888854978652,-174.3885148733042,22.124400376454712,-0.009159431105865135,-0.023051117049590817,0.11734856168842968,0.136472010100654,0.0,0.0,0.0,65.62529754640002,65.62529754640002
1239.5670000000061,21.432000000006155,-694.9333333325221,4045.6933333320353,18397.159999998297,350.2537442214681,-9.746255778531918,-0.38397301216901125,-0.07696294729900409,-0.919926226536308,-175.2186955939194,22.580042481626172,0.024541031235506997,0.021149701435173977,0.2165769193600456,0.23441642427398426,0.0,0.0,0.0,65.37387374176701,65.373873741767
1239.7190000000062,21.5840000000062,-592.9199999933894,4065.9466666643,18425.40000000449,351.6990753552877,-8.300924644712268,-0.4012341833122577,-0.05705608720466599,-0.9140975375969387,-176.42544986282368,23.65616250304907,0.041511876597731846,0.110324675443991,0.2443177164588187,0.2752163276583254,0.0,0.0,0.0,64.3843994141,64.38439941410002
1239.8710000000062,21.736000000006243,-501.97999999783724,3924.4999999948996,18501.08000000253,352.714900795502,-7.28509920449801,-0.418828947345593,-0.024648620671252473,-0.9074569054447709,-178.20644905862312,24.761570709820372,0.06957194609298024,0.152184203267,0.20867327660047744,0.2745223133988388,0.0,0.0,0.0,64.3843994141,64.38439941410002
1240.0230000000063,21.888000000006286,-472.4400000003366,3803.2399999976014,18581.440000002443,352.91826588047064,-7.081734119529301,-0.3958131982870868,-0.01743365439971697,-0.9180988240246015,-178.79473738219014,23.317603003584477,0.12278321116836506,0.1698219605303323,0.13105578501625642,0.24864749524066931,0.0,0.0,0.0,64.3843994141,64.38439941410002
1240.1750000000063,22.04000000000633,-475.0,3785.0,18600.0,352.847039036,-7.152960963999931,-0.34757571796324704,-0.027430229001186555,-0.9369602568955168,-178.32547172432254,20.34591887502832,0.05363694841527236,0.2158603413923227,0.01735396524243763,0.22997024956682427,0.0,0.0,0.0,64.3843994141,64.38439941410002
1240.3270000000064,22.192000000006374,-529.8333333343822,3513.1533333160046,18764.853333343068,351.40919093804627,-8.590809061953678,-0.3035664258384131,-0.044599324887232894,-0.9515927465764326,-177.3208044616341,17.672813465968606,-0.004427176487827523,0.2510223328068355,-0.04947228060578149,0.2604172856482096,0.0,0.0,0.0,64.3843994141,64.38439941410002
1240.4790000000064,22.344000000006417,-497.3333333331181,3336.2666666637824,18840.000000000648,351.52100643152977,-8.478993568470287,-0.24715001731863734,-0.044369630019623615,-0.9676029125857094,-177.37547537902407,14.31199881592768,-0.043420387308697114,0.20645968317665542,-0.06651407492614853,0.2386660683722925,0.0,0.0,0.0,64.3843994141,64.38439941410002
1240.6310000000065,22.49600000000646,-499.23333333354435,3256.4599999956536,18917.273333336838,351.283198684185,-8.716801315815019,-0.2310924761513872,-0.058516820868474616,-0.9712190628043614,-176.5489250926203,13.36241535273233,-0.04137707461421136,0.15573870599197442,-0.025612352083702567,0.22233954440505932,0.0,0.0,0.0,64.94980813316127,64.94980813316127
1240.7830000000065,22.648000000006505,-477.9266666647921,3155.7999999960766,18943.860000001176,351.392233672656,-8.607766327344052,-0.29171169698336047,-0.06861848140618541,-0.9535358138876667,-175.87957886508212,16.961503062101954,-0.010124329581580544,0.15219839344197997,0.023441332745195182,0.17715589865970607,0.0,0.0,0.0,66.9619979858,66.9619979858
1240.9350000000065,22.80000000000655,-470.7333333298603,3053.3599999975254,19003.02666666528,351.2348340770839,-8.76516592291614,-0.2897266127658059,-0.03404793426386417,-0.9564086894197616,-177.96164947261732,16.841827034641145,-0.13842731994708968,0.04757796023945463,-0.05229602661983692,0.17473216232433328,0.0,0.0,0.0,66.9619979858,66.9619979858
1241.0870000000066,22.952000000006592,-374.3666666664493,3074.486666668275,18939.220000001173,353.0570151407276,-6.942984859272428,-0.23567587007808327,-0.059508263793464855,-0.9690245568760677,-176.48851294180417,13.634341261775402,0.06933072497276445,0.05692185812100314,-0.12816109011890156,0.17811552941144956,0.0,0.0,0.0,66.9619979858,66.9619979858
1241.2390000000066,23.104000000006636,-475.26666667482215,3071.9333333303475,18962.60000000236,351.201298166709,-8.798701833291034,-0.20636422286300318,-0.07304722021038539,-0.9758568684262949,-175.7210546253249,11.909830752765512,0.06449204360628226,0.16495490173913513,-0.1699922377861206,0.25450082561545456,0.0,0.0,0.0,66.9619979858,66.9619979858
1241.3910000000067,23.25600000000668,-555.0,3025.0,19005.0,349.603507023,-10.39649297699998,-0.16168196598565296,-0.0964759501329618,-0.9826347549761305,-174.3863926657664,9.305229624425047,0.05285651657182698,0.2534984355202302,-0.13377310509257986,0.302991737171502,0.0,0.0,0.0,66.9619979858,66.9619979858
1241.5430000000067,23.408000000006723,-625.4000000085565,2902.1666666517376,19090.066666677005,347.7249916477717,-12.27500835222827,-0.12293480907673651,-0.10933066308353717,-0.986652708053948,-173.67557328406377,7.06228544526905,0.01975911380400662,0.30724181334350736,-0.0758083060965402,0.3258569059018178,0.0,0.0,0.0,66.69122683609885,66.69122683609885
1241.6950000000068,23.560000000006767,-777.1266666699464,2544.3733333176983,19362.66000000822,342.9806630518037,-17.01933694819627,-0.10824972122956504,-0.08130297675893955,-0.9906659924983641,-175.30544432859722,6.214538607053594,0.038127639547177995,0.3113000557800663,0.048798269826091006,0.3269350688437296,0.0,0.0,0.0,65.7276000977,65.72760009770002
1241.8470000000068,23.71200000000681,-810.9999999988752,2285.4799999929364,19441.600000002698,340.4524781287286,-19.54752187127133,-0.1136092918111504,-0.09302166257995147,-0.9888887850449818,-174.6250677772341,6.523595991608594,-0.013281533903815725,0.2217490472345327,0.17540559172898185,0.2992464283185179,0.0,0.0,0.0,65.7276000977,65.72760009770002
1241.9990000000068,23.864000000006854,-726.4999999910142,2104.3999999899543,19419.66666666436,340.975555769273,-19.024444230727,-0.10566852316212903,-0.05352012217013483,-0.992943741878293,-176.91451961881768,6.065744495766774,-0.05477212170750761,0.14498294889799354,0.19102841963144795,0.24916895684447846,0.0,0.0,0.0,65.7276000977,65.72760009770002
1242.151000000007,24.016000000006898,-607.3333333342549,1944.2666666638095,19435.50000000069,342.6462367797509,-17.353763220249107,-0.0828725069749547,-0.04309399090683607,-0.9955357849597526,-177.5215984698461,4.753804300431109,-0.0467194852732966,0.15143924156899843,0.09833440432406362,0.19868932203078296,0.0,0.0,0.0,65.7276000977,65.72760009770002
1242.303000000007,24.16800000000694,-585.9999999944703,1854.0666666607683,19475.499999998847,342.46879876870656,-17.53120123129338,-0.04152989052039462,-0.033964872917609086,-0.9984186728795954,-178.05106867761504,2.380421243346367,-0.10010811041075529,0.15846313436836476,-0.0041859522187199655,0.19031138031812647,0.0,0.0,0.0,65.7276000977,65.72760009770002
1242.455000000007,24.320000000006985,-489.73333333204306,1752.433333330246,19434.66666666851,344.38911480061313,-15.610885199386871,0.004841150035246227,-0.014092488152845167,-0.9997795840102957,-179.15556958348395,-0.2773823332419784,-0.05906449646383332,0.16222338726172567,-0.046222846210876065,0.2000876111139461,0.0,0.0,0.0,65.7276000977,65.72760009770002
1242.607000000007,24.47200000000703,-467.8974358965457,1625.2307692240927,19510.743589750044,343.92699837727537,-16.073001622724632,0.04099343717130484,-0.03948591114772555,-0.998276074727414,-177.26226308270483,-2.349471675849218,-0.08882186876855008,0.17655222519172054,-0.07640591149326927,0.2190636649360069,0.0,0.0,0.0,66.14586724187406,66.14586724187404
1242.759000000007,24.624000000007072,-433.33333333170987,1539.7333333315707,19560.733333329485,344.28758907643885,-15.712410923561151,0.021677805544130634,-0.04638752390913294,-0.9986148476602993,-177.3404505436487,-1.2422013383538468,-0.03678671604823191,0.1956045905750308,-0.10769958943149618,0.22778694476682088,0.0,0.0,0.0,67.60980224610002,67.6098022461
1242.911000000007,24.776000000007116,-445.3333333345233,1418.9333333241946,19614.666666668098,342.54797916165427,-17.45202083834579,0.0202389298023768,-0.06581705249934625,-0.9976358095805643,-176.2254654886163,-1.159795966015315,0.0020929761706107745,0.17265280037942843,-0.09524815504601705,0.20194740750912954,0.0,0.0,0.0,67.60980224610002,67.6098022461
1243.0630000000072,24.92800000000716,-464.93333333538,1276.666666661907,19569.60000000157,339.94394972391734,-20.056050276082715,0.03721374757573223,-0.06618593546146488,-0.9972309350964425,-176.20290320092758,-2.132689909645523,-0.00010642226330489037,0.15516403118756927,-0.04125646307364532,0.168175862520841,0.0,0.0,0.0,67.60980224610002,67.6098022461
1243.2150000000072,25.080000000007203,-489.3333333359512,1133.9999999919087,19543.33333333262,336.61585349053934,-23.384146509460606,0.04724899058648861,-0.057246110589501596,-0.9969548126059463,-176.71343492396412,-2.7082441483527333,0.03753167297807839,0.1622588614623827,0.03387783474232002,0.1789379136292853,0.0,0.0,0.0,67.60980224610002,67.6098022461
1243.3670000000072,25.232000000007247,-529.1999999990444,1028.6799999972288,19549.479999998184,332.7710099294194,-27.228990070580608,0.09492923875951585,-0.05563940959548962,-0.993595151503985,-176.79449130724393,-5.448351314142808,0.013508564943333828,0.1497151950977887,0.0906790803162944,0.17878788618810004,0.0,0.0,0.0,67.60980224610002,67.6098022461
1243.5190000000073,25.38400000000729,-564.1333333350395,909.8666666600856,19570.90666666901,328.16672589236,-31.833274107640023,0.13745585789447531,-0.058955448270590655,-0.9883792054651592,-176.58824090496807,-7.901086200111538,-0.05656711578114194,0.0958654026159731,0.18645224998834917,0.23541863458027026,0.0,0.0,0.0,67.60980224610002,67.6098022461
1243.6710000000073,25.536000000007334,-500.06666666160805,818.9999999955799,19607.733333335887,328.6749993612531,-31.32500063874693,0.15156766275516628,-0.058586627492942064,-0.9868206600350563,-176.60301914015574,-8.717828514111151,-0.1475725563813133,0.04324301599052306,0.27127100328888454,0.3131489977067479,0.0,0.0,0.0,67.86993745090366,67.86993745090365
1243.8230000000074,25.688000000007378,-444.6666666656844,752.4333333300427,19655.100000003094,329.39774422371113,-30.60225577628887,0.12823828334434387,-0.07132099668377015,-0.9891569038231209,-175.87505097235615,-7.368159202697758,0.044236291586260204,0.022667996150205063,0.28531877398319416,0.30003274061874746,0.0,0.0,0.0,68.7226028442,68.7226028442
1243.9750000000074,25.84000000000742,-421.33333333235106,728.5000000007367,19616.066666663326,329.949847451884,-30.05015254811599,0.08037152737199997,-0.04108712182367333,-0.9955692152185294,-177.6339877118852,-4.6102173553521135,-0.04707422790535814,-0.0041859523956294786,0.21993987212165197,0.23665429935623414,0.0,0.0,0.0,68.7226028442,68.7226028442
1244.1270000000075,25.992000000007465,-419.4666666676526,742.5466666689834,19601.986666663364,330.53251414884534,-29.467485851154663,0.03876374195999999,-0.03702424097866816,-0.99798180262257,-177.87591803245178,-2.222059973939527,0.07729822128404802,-0.019879726108988315,0.12545796100720805,0.16557117401585045,0.0,0.0,0.0,68.7226028442,68.7226028442
1244.2790000000075,26.14400000000751,-479.3400000021614,762.9333333343386,19607.39333333268,327.87948079114676,-32.12051920885324,0.022595817670922422,-0.040311642189982566,-0.9989297695953031,-177.68913922287706,-1.2947747191259527,0.015509307832759958,-0.0013480185460755434,0.01726173212238373,0.06403693792505646,0.0,0.0,0.0,68.7226028442,68.7226028442
1244.4310000000075,26.296000000007552,-502.0666666701725,798.9600000009015,19569.42666666957,327.894188432744,-32.10581156725601,0.05034618497047968,-0.06300986985526251,-0.9966050608952284,-176.3817288146533,-2.885972442820287,0.0023838644842995565,0.03847528726026695,-0.04982702228095028,0.07310359294193129,0.0,0.0,0.0,68.7226028442,68.7226028442
1244.5830000000076,26.448000000007596,-517.4666666631354,793.5866666657586,19605.386666669794,326.90447971893707,-33.09552028106293,0.07197582483401203,-0.074032841819957,-0.9946532662709608,-175.74311732840354,-4.127572508493094,-0.0373472075313109,0.04107199665003909,-0.056297510936319135,0.08404929272552224,0.0,0.0,0.0,69.76982341111386,69.76982341111386
1244.7350000000076,26.60000000000764,-462.45999999832725,800.7400000011659,19630.139999995085,329.9895700578058,-30.010429942194207,0.07580749787282848,-0.04991496677344783,-0.9957842699683574,-177.1307092176302,-4.347743552581444,-0.02522923072263737,-0.005172134371051735,-0.043995067849371045,0.06576396997834295,0.0,0.0,0.0,73.0530014038,73.05300140380001
1244.8870000000077,26.752000000007683,-472.90666666909976,861.3266666720904,19600.39333333014,331.2360937552845,-28.763906244715486,0.06274716156268888,-0.07056681891244539,-0.9956585375467162,-175.94615913024845,-3.5975261707724484,-0.0027811751721729637,-0.03724078526136695,-0.039184770620755274,0.059232599815281985,0.0,0.0,0.0,73.0530014038,73.05300140380001
1245.0390000000077,26.904000000007727,-490.0,922.0,19507.0,332.011439216,-27.988560784000015,0.07251384705334811,-0.0717192595705039,-0.9948718841870524,-175.87706641708667,-4.158400311803606,0.024484273221286764,-0.017850603306517866,-0.023441333087118384,0.046663103277684734,0.0,0.0,0.0,73.0530014038,73.05300140380001
1245.1910000000078,27.05600000000777,-514.9333333389892,939.0000000038563,19521.28000000324,331.3198347889498,-28.680165211050223,0.07258216569782804,-0.07849554980800248,-0.9942658038936338,-175.48648057519716,-4.162332123935045,0.030266563083773988,0.03759552822956255,-0.023803170200265716,0.0587834834870256,0.0,0.0,0.0,73.0530014038,73.05300140380001
1245.3430000000078,27.208000000007814,-617.0000000015552,984.5333333321928,19518.999999995336,327.9238539977052,-32.07614600229482,0.07608517681628911,-0.07195259605816078,-0.994373351335346,-175.86106198475022,-4.363624380097252,0.007555998915783663,0.05044427290539931,-0.04267542908580816,0.06886937684352885,0.0,0.0,0.0,73.0530014038,73.05300140380001
1245.4950000000078,27.360000000007858,-600.6666666653524,972.333333332019,19479.866666665614,328.2920007032599,-31.707999296740127,0.08031421234190352,-0.07085214008853633,-0.9942960890135208,-175.92408048187812,-4.60662859015464,0.004015676522494597,0.04725869151458461,-0.02227068502930443,0.05429134248497154,0.0,0.0,0.0,73.0530014038,73.05300140380001
1245.647000000008,27.5120000000079,-605.0,950.0,19471.358024692334,327.509299443,-32.490700557000025,0.0705733827232238,-0.06501976175261123,-0.9952996284876301,-176.26168096185438,-4.046933510641895,-0.0170538801276532,0.05116163982963329,-0.006700677066934899,0.055165783285236566,0.0,0.0,0.0,73.44131182392886,73.44131182392886
1245.799000000008,27.664000000007945,-585.9999999986767,926.919999997724,19497.520000002223,327.6980290910343,-32.3019709089657,0.07404823333052374,-0.07031714931133913,-0.9948832134403849,-175.95733067491804,-4.246546445847311,-0.03405520456052349,0.05585763186199833,-0.012607520899621664,0.0720746533290365,0.0,0.0,0.0,74.547996521,74.54799652100002
1245.951000000008,27.81600000000799,-562.9999999984175,934.2000000025321,19522.0,328.90925988650696,-31.09074011349304,0.0772170138852886,-0.07604372253106974,-0.9939915776251901,-175.6262700097513,-4.428625081464732,0.008265482262839987,0.05384979409500122,-0.004044055736764918,0.06178119813212441,0.0,0.0,0.0,74.547996521,74.54799652100002
1246.103000000008,27.968000000008033,-576.9333333341319,949.8000000010647,19510.18666666257,328.71995443040515,-31.280045569594847,0.07663020933730147,-0.05931987446993505,-0.994790663321634,-176.58776911632916,-4.39495671105023,0.025434981836295972,0.05108990328956877,-0.010010811627583521,0.080959885845939,0.0,0.0,0.0,74.547996521,74.54799652100002
1246.255000000008,28.120000000008076,-579.5000000013475,948.8999999975744,19498.36000000496,328.574460304856,-31.425539695143982,0.08001426155324126,-0.07337961196898211,-0.9939778427283528,-175.77838221562095,-4.589402949989258,0.03850366614736323,0.030706443809674362,-0.0036538398014606434,0.050217655849275004,0.0,0.0,0.0,74.547996521,74.54799652100002
1246.407000000008,28.27200000000812,-604.4400000030621,941.2666666669353,19460.760000001505,327.30372882605025,-32.696271173949754,0.0731791799265701,-0.07953714976756275,-0.9940170311928981,-175.42537878547927,-4.19661076862893,0.03352309269232687,0.004136288569105393,-0.004902530742898064,0.03932020661247478,0.0,0.0,0.0,74.547996521,74.54799652100002
1246.5590000000082,28.424000000008164,-666.1333333327883,990.2333333357863,19480.83333332652,326.0619864676704,-33.93801353232959,0.07348458722222605,-0.08075980424877853,-0.9939982553321399,-175.35504198026965,-4.214157474364347,-0.033927498794265765,0.014700496865298254,-0.006811041297722217,0.045745383534597985,0.0,0.0,0.0,74.547996521,74.54799652100002
1246.7110000000082,28.576000000008207,-637.0,969.9999999986433,19437.999999999727,326.7041152943631,-33.29588470563692,0.07005514303828628,-0.08729978129322871,-0.9937082548932455,-174.9791818679673,-4.017155540823738,-0.02947903660340153,0.03795736457056046,-0.01028751003021761,0.05576273629020433,0.0,0.0,0.0,74.71234314166179,74.71234314166179
1246.8630000000082,28.72800000000825,-646.6333333330596,977.0666666672142,19480.146666669512,326.5018879450797,-33.498112054920284,0.06853413263988223,-0.08311398729603882,-0.9941777006785982,-175.22164194669122,-3.9298039977949757,-0.011174364135080479,0.05708503817582361,-0.028138112885618273,0.06909570516505333,0.0,0.0,0.0,75.1652984619,75.1652984619
1247.0150000000083,28.880000000008295,-629.1066666662787,954.6666666652811,19489.066666666946,326.6138119907246,-33.38618800927537,0.07824405595715009,-0.07530644198240957,-0.994077707132077,-175.66785239370273,-4.487668928544364,0.011883847648286684,0.06764215131643417,-0.01339504763176391,0.0793531641722392,0.0,0.0,0.0,75.1652984619,75.1652984619
1247.1670000000083,29.03200000000834,-628.7999999994477,914.2333333330572,19470.059999999616,325.4730447516691,-34.52695524833092,0.08237900366389343,-0.07314537336432528,-0.9938406443596288,-175.7909660869311,-4.725326224576293,0.0033629514771806555,0.0638747936972731,0.004349133659524251,0.07030950723677876,0.0,0.0,0.0,75.1652984619,75.1652984619
1247.3190000000084,29.184000000008382,-634.740000002596,925.3399999987296,19474.49999999862,325.5561363176742,-34.4438636823258,0.08417327354357196,-0.07656770572081599,-0.9934733072918459,-175.59281302981134,-4.828487259553294,0.015303557868424791,0.031905470885982355,-0.0046400218073664075,0.037669006826058546,0.0,0.0,0.0,75.1652984619,75.1652984619
1247.4710000000084,29.336000000008426,-638.0666666649859,909.1000000002801,19503.79999999944,324.94051011338513,-35.05948988661487,0.08286443432162877,-0.07954308340947051,-0.9933841737113198,-175.42248457663845,-4.753233687843703,-0.008684077386097711,0.001596337871995421,-0.012011554856506521,0.021981741808343693,0.0,0.0,0.0,75.1652984619,75.1652984619
1247.6230000000085,29.48800000000847,-632.0,917.0,19450.0,325.425236083,-34.574763916999984,0.07894809310579998,-0.08292238146128528,-0.9933893974623585,-175.22854193431732,-4.528142308665112,-0.0011067941202933483,-0.007513429921013106,-0.019610122653541538,0.028342307848324224,0.0,0.0,0.0,75.22229836203857,75.22229836203857
1247.7750000000085,29.640000000008513,-631.139999999032,986.2333333393115,19478.626666670196,327.36716280080805,-32.632837199191954,0.06890978768426835,-0.08361469030348918,-0.9942238724235114,-175.1926558725593,-3.951386662475328,-0.004242711100044813,0.010110139242956638,-0.028421906792409683,0.04404960182507253,0.0,0.0,0.0,75.37429809570001,75.3742980957
1247.9270000000085,29.792000000008557,-617.9333333336172,1022.0,19526.666666668087,328.84163075390836,-31.158369246091638,0.06487106695776715,-0.07845363467872592,-0.9948297854265851,-175.49092609855313,-3.7194516665249253,-0.024434610287778748,0.03696408685416528,-0.03823406284071919,0.060384390028876224,0.0,0.0,0.0,75.37429809570001,75.3742980957
1248.0790000000086,29.9440000000086,-617.3999999968786,1024.5333333339008,19496.066666664967,328.94005918681097,-31.05994081318903,0.07120184416624861,-0.0722149309021116,-0.9948807183898744,-175.8482279523427,-4.083043256796938,-0.05580087498950137,0.04090881516424684,-0.02375350612041241,0.07306811647877974,0.0,0.0,0.0,75.37429809570001,75.3742980957
1248.2310000000086,30.096000000008644,-567.933333333621,1048.426666668278,19501.133333332757,331.5532008971448,-28.44679910285521,0.06557426015367189,-0.07926536634579183,-0.9946031343938994,-175.44149122747163,-3.7600150997615582,-0.021554107236122978,0.00918781068117706,0.001255785716009145,0.031471024115281666,0.0,0.0,0.0,75.37429809570001,75.3742980957
1248.3830000000087,30.248000000008687,-588.5333333367859,1070.4666666675298,19512.53333333535,331.20898226489226,-28.791017735107744,0.05248799974813254,-0.07260987679068595,-0.9958414010208058,-175.82981420813383,-3.008767477194649,-0.0011209838071308553,-0.01953207916927142,-0.021461874428176174,0.03332694564267493,0.0,0.0,0.0,75.37429809570001,75.3742980957
1248.5350000000087,30.40000000000873,-612.1999999982575,1099.9200000024396,19534.96666666696,330.8913239137037,-29.108676086296327,0.05669202655465888,-0.07177770197485367,-0.995713609457333,-175.87660928304734,-3.2500304841166745,0.01911348430415695,-0.0031926755808992457,-0.026541775700571764,0.036714649415658156,0.0,0.0,0.0,75.37429809570001,75.3742980957
1248.6870000000088,30.552000000008775,-640.373333336946,1135.4000000011654,19435.59999999155,330.5811615543254,-29.418838445674623,0.050517248759840885,-0.08041730354222205,-0.9955276715758778,-175.38182217723752,-2.89565955302121,0.00044697454206696287,0.022426771678150895,-0.024313997825222707,0.03712485852675145,0.0,0.0,0.0,75.22891429823119,75.22891429823119
1248.8390000000088,30.70400000000882,-662.0,1137.0,19392.0,329.790583107,-30.209416893000025,0.04890117386906111,-0.07441718404471515,-0.9960845434667808,-175.7271721580308,-2.802980720129322,-0.013288624902661538,0.043413292120676135,-0.03785094109798088,0.06183996167560031,0.0,0.0,0.0,74.8570022583,74.85700225829999
1248.9910000000089,30.856000000008862,-659.8999999997047,1150.860000001949,19457.100000009155,330.16586609345273,-29.834133906547265,0.04188463546365437,-0.07717131132795332,-0.9961217240492022,-175.57006203133645,-2.4005210992359904,-0.05181357644850089,0.03976654618882859,-0.06258353546369778,0.09279519495250337,0.0,0.0,0.0,74.8570022583,74.85700225829999
1249.143000000009,31.008000000008906,,,,,,,,,,,,,,,,,,,
